﻿<?xml version="1.0" encoding="utf-8"?>
<publishData>
  <publishProfile publishUrl="D:\paul.villaruel@infomax.com.ph\Bitbucket\DPWCustomsInterface\deploy" deleteExistingFiles="True" ftpAnonymousLogin="False" ftpPassiveMode="True" msdeploySite="" msdeploySiteID="" msdeployRemoteSitePhysicalPath="" msdeployAllowUntrustedCertificate="False" msdeploySkipExtraFilesOnServer="True" msdeployMarkAsApp="False" profileName="Profile1" publishMethod="FileSystem" replaceMatchingFiles="False" userName="" savePWD="False" userPWD="" SelectedForPublish="True">
    <file relUrl="Scripts/jquery-1.4.1.min.js" publishTime="03/13/2017 21:17:24" />
    <file relUrl="Scripts/jquery-1.4.1-vsdoc.js" publishTime="03/13/2017 21:17:24" />
    <file relUrl="Web.config" publishTime="04/13/2017 15:16:05" />
    <file relUrl="CustomsInterface.asmx" publishTime="03/13/2017 21:19:30" />
    <file relUrl="bin/dpwbbowebservice.pdb" publishTime="04/13/2017 05:37:54" />
    <file relUrl="bin/dpwbbowebservice.dll" publishTime="04/13/2017 05:37:54" />
    <file relUrl="Default.aspx" publishTime="04/13/2017 15:15:39" />
    <file relUrl="bin/dpwbbowebservice.xml" publishTime="04/13/2017 05:37:54" />
    <file relUrl="Scripts/jquery-1.4.1.js" publishTime="03/13/2017 21:17:24" />
  </publishProfile>
</publishData>