﻿{
  "customerCode": "@customerCode",
  "requestDate": "@requestDate",
  "deadlineDate": "@deadlineDate",
  "requestByCode": "BOL",
  "requestByNbr": "@requestByNbr",
  "doNbr": "@doNbr",
  "targetLocationCode":"@targetLocationCode",
  "truckingCompanyCode":"@truckingCompanyCode",
  "vesselVisitCode": "@vesselVisitCode",
  "requestSource":"BBOEXT-SERVICE",
  "notificationEmails":"@notificationEmails",
  "remarks": "@remarks",
  "docDetails": [@docDetails],
  "containers": [@containerList] 
}
